[{"id": 1, "nombre": "Simon Bolivar", "direccion": "Av. Loja", "ubicacion": "ubicacion", "detalle": "detalle"},{"id": 2, "nombre": "Parque", "direccion": "calle K", "ubicacion": "ubicacion", "detalle": "detalle editado"},{"id": 3, "nombre": "Doctrin", "direccion": "Torricelli", "ubicacion": "-4.030667618395126, -79.20027674603524", "detalle": "-4.030667618395126, -79.20027674603524"},{"id": 4, "nombre": "Salmerino", "direccion": "Torricelli", "ubicacion": "-4.030667618395126, -79.20027674603524", "detalle": "Parque inventado"},{"id": 5, "nombre": "New Parque", "direccion": "Loja", "ubicacion": "-4.026536520556878, -79.20154274871494", "detalle": "el parque es un ligar de sitios verdes"},{"id": 6, "nombre": "Parque Risin", "direccion": "Av. Loja", "ubicacion": "-4.030667618395126, -79.20027674603524", "detalle": "El parque vincolin es diertido"}]